Benchmark,Iteration,Best Score
Sphere,1,19974.25520291522
Sphere,2,18922.72159385934
Sphere,3,18922.72159385934
Sphere,4,15863.087282490129
Sphere,5,15863.087282490129
Sphere,6,12771.201673676038
Sphere,7,12771.201673676038
Sphere,8,3377.4457671240248
Sphere,9,3377.4457671240248
Sphere,10,3377.4457671240248
Sphere,11,3377.4457671240248
Sphere,12,3377.4457671240248
Sphere,13,3377.4457671240248
Sphere,14,3377.4457671240248
Sphere,15,3377.4457671240248
Sphere,16,3377.4457671240248
Sphere,17,3377.4457671240248
Sphere,18,3377.4457671240248
Sphere,19,3377.4457671240248
Sphere,20,3377.4457671240248
Sphere,21,3377.4457671240248
Sphere,22,3377.4457671240248
Sphere,23,3377.4457671240248
Sphere,24,3377.4457671240248
Sphere,25,3377.4457671240248
Sphere,26,3377.4457671240248
Sphere,27,3377.4457671240248
Sphere,28,3377.4457671240248
Sphere,29,3377.4457671240248
Sphere,30,3377.4457671240248
Sphere,31,3377.4457671240248
Sphere,32,3377.4457671240248
Sphere,33,3377.4457671240248
Sphere,34,3377.4457671240248
Sphere,35,3377.4457671240248
Sphere,36,3377.4457671240248
Sphere,37,3377.4457671240248
Sphere,38,3377.4457671240248
Sphere,39,3377.4457671240248
Sphere,40,3377.4457671240248
Sphere,41,3377.4457671240248
Sphere,42,3377.4457671240248
Sphere,43,3377.4457671240248
Sphere,44,3377.4457671240248
Sphere,45,3377.4457671240248
Sphere,46,3377.4457671240248
Sphere,47,3377.4457671240248
Sphere,48,3377.4457671240248
Sphere,49,3377.4457671240248
Sphere,50,3377.4457671240248
Sphere,51,3377.4457671240248
Sphere,52,3377.4457671240248
Sphere,53,3377.4457671240248
Sphere,54,3377.4457671240248
Sphere,55,3377.4457671240248
Sphere,56,3377.4457671240248
Sphere,57,3377.4457671240248
Sphere,58,3377.4457671240248
Sphere,59,3377.4457671240248
Sphere,60,3377.4457671240248
Sphere,61,3377.4457671240248
Sphere,62,3377.4457671240248
Sphere,63,3377.4457671240248
Sphere,64,3377.4457671240248
Sphere,65,3377.4457671240248
Sphere,66,3377.4457671240248
Sphere,67,3377.4457671240248
Sphere,68,3377.4457671240248
Sphere,69,3377.4457671240248
Sphere,70,3377.4457671240248
Sphere,71,3377.4457671240248
Sphere,72,3377.4457671240248
Sphere,73,3377.4457671240248
Sphere,74,3377.4457671240248
Sphere,75,3377.4457671240248
Sphere,76,3377.4457671240248
Sphere,77,3377.4457671240248
Sphere,78,3377.4457671240248
Sphere,79,3377.4457671240248
Sphere,80,3377.4457671240248
Sphere,81,3377.4457671240248
Sphere,82,3377.4457671240248
Sphere,83,3377.4457671240248
Sphere,84,3377.4457671240248
Sphere,85,3377.4457671240248
Sphere,86,3148.6716264802667
Sphere,87,3148.6716264802667
Sphere,88,3148.6716264802667
Sphere,89,3148.6716264802667
Sphere,90,3148.6716264802667
Sphere,91,3148.6716264802667
Sphere,92,3148.6716264802667
Sphere,93,3094.5178512628645
Sphere,94,3094.5178512628645
Sphere,95,3094.5178512628645
Sphere,96,3094.5178512628645
Sphere,97,3094.5178512628645
Sphere,98,3094.5178512628645
Sphere,99,3094.5178512628645
Sphere,100,3094.5178512628645
Sphere,101,3094.5178512628645
Sphere,102,3094.5178512628645
Sphere,103,3094.5178512628645
Sphere,104,3094.5178512628645
Sphere,105,3094.5178512628645
Sphere,106,3094.5178512628645
Sphere,107,3094.5178512628645
Sphere,108,3094.5178512628645
Sphere,109,3094.5178512628645
Sphere,110,3094.5178512628645
Sphere,111,3094.5178512628645
Sphere,112,3094.5178512628645
Sphere,113,3094.5178512628645
Sphere,114,3094.5178512628645
Sphere,115,3094.5178512628645
Sphere,116,3094.5178512628645
Sphere,117,3094.5178512628645
Sphere,118,3094.5178512628645
Sphere,119,3094.5178512628645
Sphere,120,3094.5178512628645
Sphere,121,3094.5178512628645
Sphere,122,3094.5178512628645
Sphere,123,3094.5178512628645
Sphere,124,3094.5178512628645
Sphere,125,3094.5178512628645
Sphere,126,3094.5178512628645
Sphere,127,3094.5178512628645
Sphere,128,3094.5178512628645
Sphere,129,3094.5178512628645
Sphere,130,3094.5178512628645
Sphere,131,3094.5178512628645
Sphere,132,3094.5178512628645
Sphere,133,3094.5178512628645
Sphere,134,3094.5178512628645
Sphere,135,3094.5178512628645
Sphere,136,3094.5178512628645
Sphere,137,3094.5178512628645
Sphere,138,3094.5178512628645
Sphere,139,3094.5178512628645
Sphere,140,3094.5178512628645
Sphere,141,3094.5178512628645
Sphere,142,3094.5178512628645
Sphere,143,3094.5178512628645
Sphere,144,3094.5178512628645
Sphere,145,3094.5178512628645
Sphere,146,3094.5178512628645
Sphere,147,3094.5178512628645
Sphere,148,3094.5178512628645
Sphere,149,3094.5178512628645
Sphere,150,3094.5178512628645
Sphere,151,3094.5178512628645
Sphere,152,3094.5178512628645
Sphere,153,3094.5178512628645
Sphere,154,3094.5178512628645
Sphere,155,3094.5178512628645
Sphere,156,3094.5178512628645
Sphere,157,3094.5178512628645
Sphere,158,3094.5178512628645
Sphere,159,3094.5178512628645
Sphere,160,2635.018574305258
Sphere,161,2635.018574305258
Sphere,162,2635.018574305258
Sphere,163,2635.018574305258
Sphere,164,2635.018574305258
Sphere,165,2635.018574305258
Sphere,166,2635.018574305258
Sphere,167,2635.018574305258
Sphere,168,2635.018574305258
Sphere,169,2635.018574305258
Sphere,170,2368.5215533882138
Sphere,171,2368.5215533882138
Sphere,172,2368.5215533882138
Sphere,173,2368.5215533882138
Sphere,174,2368.5215533882138
Sphere,175,2368.5215533882138
Sphere,176,2368.5215533882138
Sphere,177,2368.5215533882138
Sphere,178,2368.5215533882138
Sphere,179,2368.5215533882138
Sphere,180,1586.8442499036203
Sphere,181,1586.8442499036203
Sphere,182,1586.8442499036203
Sphere,183,1586.8442499036203
Sphere,184,1586.8442499036203
Sphere,185,1586.8442499036203
Sphere,186,1586.8442499036203
Sphere,187,1586.8442499036203
Sphere,188,1586.8442499036203
Sphere,189,1586.8442499036203
Sphere,190,1586.8442499036203
Sphere,191,1586.8442499036203
Sphere,192,1586.8442499036203
Sphere,193,1361.0875305923332
Sphere,194,1361.0875305923332
Sphere,195,1361.0875305923332
Sphere,196,1361.0875305923332
Sphere,197,1361.0875305923332
Sphere,198,1361.0875305923332
Sphere,199,1361.0875305923332
Sphere,200,1361.0875305923332
Sphere,201,1361.0875305923332
Sphere,202,1361.0875305923332
Sphere,203,1361.0875305923332
Sphere,204,1361.0875305923332
Sphere,205,1361.0875305923332
Sphere,206,1361.0875305923332
Sphere,207,1361.0875305923332
Sphere,208,1361.0875305923332
Sphere,209,1361.0875305923332
Sphere,210,1361.0875305923332
Sphere,211,1361.0875305923332
Sphere,212,1361.0875305923332
Sphere,213,1361.0875305923332
Sphere,214,1361.0875305923332
Sphere,215,977.8574460519305
Sphere,216,977.8574460519305
Sphere,217,977.8574460519305
Sphere,218,796.2533614944692
Sphere,219,796.2533614944692
Sphere,220,796.2533614944692
Sphere,221,796.2533614944692
Sphere,222,796.2533614944692
Sphere,223,796.2533614944692
Sphere,224,796.2533614944692
Sphere,225,796.2533614944692
Sphere,226,796.2533614944692
Sphere,227,796.2533614944692
Sphere,228,796.2533614944692
Sphere,229,796.2533614944692
Sphere,230,796.2533614944692
Sphere,231,796.2533614944692
Sphere,232,796.2533614944692
Sphere,233,796.2533614944692
Sphere,234,796.2533614944692
Sphere,235,796.2533614944692
Sphere,236,796.2533614944692
Sphere,237,796.2533614944692
Sphere,238,796.2533614944692
Sphere,239,796.2533614944692
Sphere,240,796.2533614944692
Sphere,241,796.2533614944692
Sphere,242,796.2533614944692
Sphere,243,796.2533614944692
Sphere,244,796.2533614944692
Sphere,245,796.2533614944692
Sphere,246,796.2533614944692
Sphere,247,490.5184322498994
Sphere,248,490.5184322498994
Sphere,249,490.5184322498994
Sphere,250,490.5184322498994
Sphere,251,490.5184322498994
Sphere,252,490.5184322498994
Sphere,253,490.5184322498994
Sphere,254,478.24948745730904
Sphere,255,478.24948745730904
Sphere,256,478.24948745730904
Sphere,257,478.24948745730904
Sphere,258,478.24948745730904
Sphere,259,478.24948745730904
Sphere,260,478.24948745730904
Sphere,261,416.58246722668645
Sphere,262,416.58246722668645
Sphere,263,416.58246722668645
Sphere,264,377.9813096375361
Sphere,265,377.9813096375361
Sphere,266,282.21772770067867
Sphere,267,282.21772770067867
Sphere,268,282.21772770067867
Sphere,269,282.21772770067867
Sphere,270,282.21772770067867
Sphere,271,282.21772770067867
Sphere,272,282.21772770067867
Sphere,273,282.21772770067867
Sphere,274,282.21772770067867
Sphere,275,282.21772770067867
Sphere,276,259.56317980350747
Sphere,277,259.56317980350747
Sphere,278,203.8353906218117
Sphere,279,119.07322792143898
Sphere,280,119.07322792143898
Sphere,281,119.07322792143898
Sphere,282,119.07322792143898
Sphere,283,119.07322792143898
Sphere,284,119.07322792143898
Sphere,285,119.07322792143898
Sphere,286,119.07322792143898
Sphere,287,119.07322792143898
Sphere,288,119.07322792143898
Sphere,289,76.80449637484158
Sphere,290,76.80449637484158
Sphere,291,76.80449637484158
Sphere,292,57.66287872686499
Sphere,293,57.66287872686499
Sphere,294,57.66287872686499
Sphere,295,50.238672484656234
Sphere,296,35.414524595259024
Sphere,297,29.19037939523256
Sphere,298,18.727201412239005
Sphere,299,11.053269168484096
Sphere,300,11.053269168484096
Rastrigin,1,135.4078097128686
Rastrigin,2,119.12298714055632
Rastrigin,3,119.12298714055632
Rastrigin,4,114.22215630806234
Rastrigin,5,114.22215630806234
Rastrigin,6,114.22215630806234
Rastrigin,7,114.22215630806234
Rastrigin,8,114.22215630806234
Rastrigin,9,114.22215630806234
Rastrigin,10,114.22215630806234
Rastrigin,11,110.24376857837741
Rastrigin,12,109.99287547640262
Rastrigin,13,109.99287547640262
Rastrigin,14,86.33261864146611
Rastrigin,15,86.33261864146611
Rastrigin,16,86.33261864146611
Rastrigin,17,86.33261864146611
Rastrigin,18,86.33261864146611
Rastrigin,19,86.33261864146611
Rastrigin,20,86.33261864146611
Rastrigin,21,86.33261864146611
Rastrigin,22,86.33261864146611
Rastrigin,23,86.33261864146611
Rastrigin,24,86.33261864146611
Rastrigin,25,86.33261864146611
Rastrigin,26,86.33261864146611
Rastrigin,27,86.33261864146611
Rastrigin,28,86.33261864146611
Rastrigin,29,86.33261864146611
Rastrigin,30,86.33261864146611
Rastrigin,31,86.33261864146611
Rastrigin,32,86.33261864146611
Rastrigin,33,86.33261864146611
Rastrigin,34,86.33261864146611
Rastrigin,35,86.33261864146611
Rastrigin,36,86.33261864146611
Rastrigin,37,86.33261864146611
Rastrigin,38,86.33261864146611
Rastrigin,39,86.33261864146611
Rastrigin,40,86.33261864146611
Rastrigin,41,86.33261864146611
Rastrigin,42,86.33261864146611
Rastrigin,43,86.33261864146611
Rastrigin,44,86.33261864146611
Rastrigin,45,86.33261864146611
Rastrigin,46,86.33261864146611
Rastrigin,47,86.33261864146611
Rastrigin,48,86.33261864146611
Rastrigin,49,86.33261864146611
Rastrigin,50,86.33261864146611
Rastrigin,51,86.33261864146611
Rastrigin,52,86.33261864146611
Rastrigin,53,86.33261864146611
Rastrigin,54,86.33261864146611
Rastrigin,55,86.33261864146611
Rastrigin,56,86.33261864146611
Rastrigin,57,86.33261864146611
Rastrigin,58,86.33261864146611
Rastrigin,59,86.33261864146611
Rastrigin,60,86.33261864146611
Rastrigin,61,86.33261864146611
Rastrigin,62,79.65823715612282
Rastrigin,63,79.65823715612282
Rastrigin,64,79.65823715612282
Rastrigin,65,79.65823715612282
Rastrigin,66,79.65823715612282
Rastrigin,67,79.65823715612282
Rastrigin,68,79.65823715612282
Rastrigin,69,79.65823715612282
Rastrigin,70,79.65823715612282
Rastrigin,71,79.65823715612282
Rastrigin,72,79.65823715612282
Rastrigin,73,79.65823715612282
Rastrigin,74,79.65823715612282
Rastrigin,75,79.65823715612282
Rastrigin,76,79.65823715612282
Rastrigin,77,79.65823715612282
Rastrigin,78,79.65823715612282
Rastrigin,79,79.65823715612282
Rastrigin,80,79.65823715612282
Rastrigin,81,79.65823715612282
Rastrigin,82,79.65823715612282
Rastrigin,83,79.65823715612282
Rastrigin,84,79.65823715612282
Rastrigin,85,79.65823715612282
Rastrigin,86,79.65823715612282
Rastrigin,87,79.65823715612282
Rastrigin,88,79.65823715612282
Rastrigin,89,79.65823715612282
Rastrigin,90,64.40983195752568
Rastrigin,91,64.40983195752568
Rastrigin,92,64.40983195752568
Rastrigin,93,64.40983195752568
Rastrigin,94,64.40983195752568
Rastrigin,95,64.40983195752568
Rastrigin,96,64.40983195752568
Rastrigin,97,64.40983195752568
Rastrigin,98,64.40983195752568
Rastrigin,99,64.40983195752568
Rastrigin,100,64.40983195752568
Rastrigin,101,64.40983195752568
Rastrigin,102,64.40983195752568
Rastrigin,103,64.40983195752568
Rastrigin,104,64.40983195752568
Rastrigin,105,64.40983195752568
Rastrigin,106,64.40983195752568
Rastrigin,107,64.40983195752568
Rastrigin,108,64.40983195752568
Rastrigin,109,64.40983195752568
Rastrigin,110,64.40983195752568
Rastrigin,111,64.40983195752568
Rastrigin,112,64.40983195752568
Rastrigin,113,64.40983195752568
Rastrigin,114,64.40983195752568
Rastrigin,115,64.40983195752568
Rastrigin,116,64.40983195752568
Rastrigin,117,64.40983195752568
Rastrigin,118,64.40983195752568
Rastrigin,119,64.40983195752568
Rastrigin,120,64.40983195752568
Rastrigin,121,64.40983195752568
Rastrigin,122,64.40983195752568
Rastrigin,123,64.40983195752568
Rastrigin,124,64.40983195752568
Rastrigin,125,64.40983195752568
Rastrigin,126,64.40983195752568
Rastrigin,127,64.40983195752568
Rastrigin,128,64.40983195752568
Rastrigin,129,64.40983195752568
Rastrigin,130,64.40983195752568
Rastrigin,131,64.40983195752568
Rastrigin,132,64.40983195752568
Rastrigin,133,64.40983195752568
Rastrigin,134,64.40983195752568
Rastrigin,135,64.40983195752568
Rastrigin,136,64.40983195752568
Rastrigin,137,64.40983195752568
Rastrigin,138,64.40983195752568
Rastrigin,139,64.40983195752568
Rastrigin,140,64.40983195752568
Rastrigin,141,64.40983195752568
Rastrigin,142,64.40983195752568
Rastrigin,143,64.40983195752568
Rastrigin,144,64.40983195752568
Rastrigin,145,64.40983195752568
Rastrigin,146,64.40983195752568
Rastrigin,147,64.40983195752568
Rastrigin,148,64.40983195752568
Rastrigin,149,64.40983195752568
Rastrigin,150,64.40983195752568
Rastrigin,151,64.40983195752568
Rastrigin,152,64.40983195752568
Rastrigin,153,64.40983195752568
Rastrigin,154,64.40983195752568
Rastrigin,155,64.40983195752568
Rastrigin,156,64.40983195752568
Rastrigin,157,64.40983195752568
Rastrigin,158,64.40983195752568
Rastrigin,159,64.40983195752568
Rastrigin,160,64.40983195752568
Rastrigin,161,64.40983195752568
Rastrigin,162,64.40983195752568
Rastrigin,163,64.40983195752568
Rastrigin,164,64.40983195752568
Rastrigin,165,64.40983195752568
Rastrigin,166,64.40983195752568
Rastrigin,167,64.40983195752568
Rastrigin,168,64.40983195752568
Rastrigin,169,64.40983195752568
Rastrigin,170,64.40983195752568
Rastrigin,171,64.40983195752568
Rastrigin,172,64.40983195752568
Rastrigin,173,63.70336347132713
Rastrigin,174,63.70336347132713
Rastrigin,175,63.70336347132713
Rastrigin,176,63.70336347132713
Rastrigin,177,63.70336347132713
Rastrigin,178,63.70336347132713
Rastrigin,179,63.70336347132713
Rastrigin,180,63.70336347132713
Rastrigin,181,63.70336347132713
Rastrigin,182,63.70336347132713
Rastrigin,183,63.70336347132713
Rastrigin,184,63.70336347132713
Rastrigin,185,60.51124724184366
Rastrigin,186,60.51124724184366
Rastrigin,187,60.51124724184366
Rastrigin,188,60.51124724184366
Rastrigin,189,60.51124724184366
Rastrigin,190,60.51124724184366
Rastrigin,191,60.51124724184366
Rastrigin,192,60.51124724184366
Rastrigin,193,60.51124724184366
Rastrigin,194,60.51124724184366
Rastrigin,195,60.51124724184366
Rastrigin,196,60.51124724184366
Rastrigin,197,60.51124724184366
Rastrigin,198,60.51124724184366
Rastrigin,199,60.51124724184366
Rastrigin,200,60.51124724184366
Rastrigin,201,60.51124724184366
Rastrigin,202,60.51124724184366
Rastrigin,203,60.51124724184366
Rastrigin,204,60.51124724184366
Rastrigin,205,60.51124724184366
Rastrigin,206,60.51124724184366
Rastrigin,207,60.51124724184366
Rastrigin,208,60.51124724184366
Rastrigin,209,60.51124724184366
Rastrigin,210,60.51124724184366
Rastrigin,211,60.51124724184366
Rastrigin,212,60.51124724184366
Rastrigin,213,60.51124724184366
Rastrigin,214,60.51124724184366
Rastrigin,215,60.51124724184366
Rastrigin,216,60.51124724184366
Rastrigin,217,60.51124724184366
Rastrigin,218,60.51124724184366
Rastrigin,219,57.89842645406076
Rastrigin,220,57.89842645406076
Rastrigin,221,57.89842645406076
Rastrigin,222,57.89842645406076
Rastrigin,223,57.89842645406076
Rastrigin,224,57.89842645406076
Rastrigin,225,57.89842645406076
Rastrigin,226,57.89842645406076
Rastrigin,227,48.889359832441734
Rastrigin,228,48.889359832441734
Rastrigin,229,48.889359832441734
Rastrigin,230,48.889359832441734
Rastrigin,231,48.889359832441734
Rastrigin,232,48.889359832441734
Rastrigin,233,48.889359832441734
Rastrigin,234,48.889359832441734
Rastrigin,235,48.889359832441734
Rastrigin,236,48.889359832441734
Rastrigin,237,48.889359832441734
Rastrigin,238,48.889359832441734
Rastrigin,239,48.889359832441734
Rastrigin,240,48.889359832441734
Rastrigin,241,48.889359832441734
Rastrigin,242,48.889359832441734
Rastrigin,243,48.889359832441734
Rastrigin,244,48.889359832441734
Rastrigin,245,48.889359832441734
Rastrigin,246,42.428690566694314
Rastrigin,247,42.428690566694314
Rastrigin,248,42.428690566694314
Rastrigin,249,42.428690566694314
Rastrigin,250,42.428690566694314
Rastrigin,251,42.428690566694314
Rastrigin,252,42.428690566694314
Rastrigin,253,42.428690566694314
Rastrigin,254,42.428690566694314
Rastrigin,255,42.428690566694314
Rastrigin,256,42.428690566694314
Rastrigin,257,42.428690566694314
Rastrigin,258,42.428690566694314
Rastrigin,259,42.428690566694314
Rastrigin,260,42.428690566694314
Rastrigin,261,42.428690566694314
Rastrigin,262,42.428690566694314
Rastrigin,263,42.428690566694314
Rastrigin,264,42.428690566694314
Rastrigin,265,42.428690566694314
Rastrigin,266,42.428690566694314
Rastrigin,267,42.428690566694314
Rastrigin,268,42.428690566694314
Rastrigin,269,40.334701849548836
Rastrigin,270,40.334701849548836
Rastrigin,271,40.334701849548836
Rastrigin,272,40.334701849548836
Rastrigin,273,40.334701849548836
Rastrigin,274,40.334701849548836
Rastrigin,275,40.334701849548836
Rastrigin,276,40.334701849548836
Rastrigin,277,40.334701849548836
Rastrigin,278,40.334701849548836
Rastrigin,279,40.334701849548836
Rastrigin,280,40.334701849548836
Rastrigin,281,40.334701849548836
Rastrigin,282,40.334701849548836
Rastrigin,283,40.334701849548836
Rastrigin,284,40.334701849548836
Rastrigin,285,40.334701849548836
Rastrigin,286,40.334701849548836
Rastrigin,287,40.334701849548836
Rastrigin,288,40.334701849548836
Rastrigin,289,40.334701849548836
Rastrigin,290,39.640437952305064
Rastrigin,291,39.640437952305064
Rastrigin,292,39.640437952305064
Rastrigin,293,39.640437952305064
Rastrigin,294,39.640437952305064
Rastrigin,295,39.640437952305064
Rastrigin,296,39.640437952305064
Rastrigin,297,39.640437952305064
Rastrigin,298,39.39896848392519
Rastrigin,299,39.39896848392519
Rastrigin,300,39.12424231084532
Rosenbrock,1,35276429.9065023
Rosenbrock,2,35276429.9065023
Rosenbrock,3,22588665.198666744
Rosenbrock,4,22588665.198666744
Rosenbrock,5,22588665.198666744
Rosenbrock,6,22588665.198666744
Rosenbrock,7,22588665.198666744
Rosenbrock,8,22588665.198666744
Rosenbrock,9,21923329.37610299
Rosenbrock,10,21923329.37610299
Rosenbrock,11,21923329.37610299
Rosenbrock,12,21923329.37610299
Rosenbrock,13,21923329.37610299
Rosenbrock,14,21923329.37610299
Rosenbrock,15,21923329.37610299
Rosenbrock,16,13830792.141695367
Rosenbrock,17,13830792.141695367
Rosenbrock,18,13830792.141695367
Rosenbrock,19,13830792.141695367
Rosenbrock,20,13830792.141695367
Rosenbrock,21,13830792.141695367
Rosenbrock,22,13830792.141695367
Rosenbrock,23,13830792.141695367
Rosenbrock,24,13830792.141695367
Rosenbrock,25,13830792.141695367
Rosenbrock,26,13830792.141695367
Rosenbrock,27,13830792.141695367
Rosenbrock,28,13830792.141695367
Rosenbrock,29,13830792.141695367
Rosenbrock,30,13830792.141695367
Rosenbrock,31,13830792.141695367
Rosenbrock,32,13830792.141695367
Rosenbrock,33,13830792.141695367
Rosenbrock,34,13830792.141695367
Rosenbrock,35,13830792.141695367
Rosenbrock,36,13830792.141695367
Rosenbrock,37,13830792.141695367
Rosenbrock,38,13830792.141695367
Rosenbrock,39,5877783.512996146
Rosenbrock,40,5877783.512996146
Rosenbrock,41,3244584.271235365
Rosenbrock,42,3244584.271235365
Rosenbrock,43,3244584.271235365
Rosenbrock,44,3244584.271235365
Rosenbrock,45,3244584.271235365
Rosenbrock,46,3244584.271235365
Rosenbrock,47,3244584.271235365
Rosenbrock,48,3244584.271235365
Rosenbrock,49,3244584.271235365
Rosenbrock,50,3244584.271235365
Rosenbrock,51,357537.0840286812
Rosenbrock,52,357537.0840286812
Rosenbrock,53,357537.0840286812
Rosenbrock,54,357537.0840286812
Rosenbrock,55,357537.0840286812
Rosenbrock,56,357537.0840286812
Rosenbrock,57,357537.0840286812
Rosenbrock,58,357537.0840286812
Rosenbrock,59,357537.0840286812
Rosenbrock,60,357537.0840286812
Rosenbrock,61,357537.0840286812
Rosenbrock,62,357537.0840286812
Rosenbrock,63,357537.0840286812
Rosenbrock,64,357537.0840286812
Rosenbrock,65,357537.0840286812
Rosenbrock,66,357537.0840286812
Rosenbrock,67,357537.0840286812
Rosenbrock,68,357537.0840286812
Rosenbrock,69,357537.0840286812
Rosenbrock,70,357537.0840286812
Rosenbrock,71,357537.0840286812
Rosenbrock,72,357537.0840286812
Rosenbrock,73,357537.0840286812
Rosenbrock,74,357537.0840286812
Rosenbrock,75,357537.0840286812
Rosenbrock,76,357537.0840286812
Rosenbrock,77,357537.0840286812
Rosenbrock,78,357537.0840286812
Rosenbrock,79,357537.0840286812
Rosenbrock,80,357537.0840286812
Rosenbrock,81,357537.0840286812
Rosenbrock,82,357537.0840286812
Rosenbrock,83,357537.0840286812
Rosenbrock,84,357537.0840286812
Rosenbrock,85,357537.0840286812
Rosenbrock,86,357537.0840286812
Rosenbrock,87,357537.0840286812
Rosenbrock,88,357537.0840286812
Rosenbrock,89,357537.0840286812
Rosenbrock,90,357537.0840286812
Rosenbrock,91,357537.0840286812
Rosenbrock,92,357537.0840286812
Rosenbrock,93,357537.0840286812
Rosenbrock,94,357537.0840286812
Rosenbrock,95,357537.0840286812
Rosenbrock,96,357537.0840286812
Rosenbrock,97,357537.0840286812
Rosenbrock,98,357537.0840286812
Rosenbrock,99,357537.0840286812
Rosenbrock,100,357537.0840286812
Rosenbrock,101,357537.0840286812
Rosenbrock,102,357537.0840286812
Rosenbrock,103,357537.0840286812
Rosenbrock,104,357537.0840286812
Rosenbrock,105,357537.0840286812
Rosenbrock,106,357537.0840286812
Rosenbrock,107,357537.0840286812
Rosenbrock,108,357537.0840286812
Rosenbrock,109,357537.0840286812
Rosenbrock,110,357537.0840286812
Rosenbrock,111,357537.0840286812
Rosenbrock,112,357537.0840286812
Rosenbrock,113,357537.0840286812
Rosenbrock,114,357537.0840286812
Rosenbrock,115,357537.0840286812
Rosenbrock,116,357537.0840286812
Rosenbrock,117,357537.0840286812
Rosenbrock,118,357537.0840286812
Rosenbrock,119,357537.0840286812
Rosenbrock,120,357537.0840286812
Rosenbrock,121,357537.0840286812
Rosenbrock,122,357537.0840286812
Rosenbrock,123,357537.0840286812
Rosenbrock,124,357537.0840286812
Rosenbrock,125,357537.0840286812
Rosenbrock,126,357537.0840286812
Rosenbrock,127,357537.0840286812
Rosenbrock,128,357537.0840286812
Rosenbrock,129,357537.0840286812
Rosenbrock,130,357537.0840286812
Rosenbrock,131,357537.0840286812
Rosenbrock,132,357537.0840286812
Rosenbrock,133,357537.0840286812
Rosenbrock,134,357537.0840286812
Rosenbrock,135,357537.0840286812
Rosenbrock,136,357537.0840286812
Rosenbrock,137,357537.0840286812
Rosenbrock,138,357537.0840286812
Rosenbrock,139,357537.0840286812
Rosenbrock,140,357537.0840286812
Rosenbrock,141,357537.0840286812
Rosenbrock,142,357537.0840286812
Rosenbrock,143,357537.0840286812
Rosenbrock,144,357537.0840286812
Rosenbrock,145,357537.0840286812
Rosenbrock,146,357537.0840286812
Rosenbrock,147,357537.0840286812
Rosenbrock,148,357537.0840286812
Rosenbrock,149,357537.0840286812
Rosenbrock,150,357537.0840286812
Rosenbrock,151,357537.0840286812
Rosenbrock,152,357537.0840286812
Rosenbrock,153,357537.0840286812
Rosenbrock,154,357537.0840286812
Rosenbrock,155,357537.0840286812
Rosenbrock,156,357537.0840286812
Rosenbrock,157,357537.0840286812
Rosenbrock,158,357537.0840286812
Rosenbrock,159,357537.0840286812
Rosenbrock,160,357537.0840286812
Rosenbrock,161,357537.0840286812
Rosenbrock,162,357537.0840286812
Rosenbrock,163,357537.0840286812
Rosenbrock,164,357537.0840286812
Rosenbrock,165,357537.0840286812
Rosenbrock,166,357537.0840286812
Rosenbrock,167,357537.0840286812
Rosenbrock,168,357537.0840286812
Rosenbrock,169,357537.0840286812
Rosenbrock,170,357537.0840286812
Rosenbrock,171,357537.0840286812
Rosenbrock,172,357537.0840286812
Rosenbrock,173,357537.0840286812
Rosenbrock,174,357537.0840286812
Rosenbrock,175,357537.0840286812
Rosenbrock,176,357537.0840286812
Rosenbrock,177,357537.0840286812
Rosenbrock,178,357537.0840286812
Rosenbrock,179,357537.0840286812
Rosenbrock,180,357537.0840286812
Rosenbrock,181,357537.0840286812
Rosenbrock,182,357537.0840286812
Rosenbrock,183,357537.0840286812
Rosenbrock,184,357537.0840286812
Rosenbrock,185,357537.0840286812
Rosenbrock,186,357537.0840286812
Rosenbrock,187,357537.0840286812
Rosenbrock,188,357537.0840286812
Rosenbrock,189,357537.0840286812
Rosenbrock,190,357537.0840286812
Rosenbrock,191,357537.0840286812
Rosenbrock,192,357537.0840286812
Rosenbrock,193,357537.0840286812
Rosenbrock,194,357537.0840286812
Rosenbrock,195,247586.40039533554
Rosenbrock,196,247586.40039533554
Rosenbrock,197,220266.22258551721
Rosenbrock,198,220266.22258551721
Rosenbrock,199,220266.22258551721
Rosenbrock,200,220266.22258551721
Rosenbrock,201,220266.22258551721
Rosenbrock,202,220266.22258551721
Rosenbrock,203,220266.22258551721
Rosenbrock,204,220266.22258551721
Rosenbrock,205,220266.22258551721
Rosenbrock,206,220266.22258551721
Rosenbrock,207,220266.22258551721
Rosenbrock,208,220266.22258551721
Rosenbrock,209,220266.22258551721
Rosenbrock,210,220266.22258551721
Rosenbrock,211,220266.22258551721
Rosenbrock,212,207384.4414960593
Rosenbrock,213,207384.4414960593
Rosenbrock,214,207384.4414960593
Rosenbrock,215,207384.4414960593
Rosenbrock,216,207384.4414960593
Rosenbrock,217,207384.4414960593
Rosenbrock,218,207384.4414960593
Rosenbrock,219,207384.4414960593
Rosenbrock,220,67278.63122402571
Rosenbrock,221,67278.63122402571
Rosenbrock,222,67278.63122402571
Rosenbrock,223,67278.63122402571
Rosenbrock,224,67278.63122402571
Rosenbrock,225,67278.63122402571
Rosenbrock,226,67278.63122402571
Rosenbrock,227,67278.63122402571
Rosenbrock,228,67278.63122402571
Rosenbrock,229,67278.63122402571
Rosenbrock,230,67278.63122402571
Rosenbrock,231,67278.63122402571
Rosenbrock,232,67278.63122402571
Rosenbrock,233,67278.63122402571
Rosenbrock,234,67278.63122402571
Rosenbrock,235,67278.63122402571
Rosenbrock,236,67278.63122402571
Rosenbrock,237,67278.63122402571
Rosenbrock,238,67278.63122402571
Rosenbrock,239,67278.63122402571
Rosenbrock,240,67278.63122402571
Rosenbrock,241,67278.63122402571
Rosenbrock,242,67278.63122402571
Rosenbrock,243,67278.63122402571
Rosenbrock,244,67278.63122402571
Rosenbrock,245,16042.083237204484
Rosenbrock,246,16042.083237204484
Rosenbrock,247,16042.083237204484
Rosenbrock,248,16042.083237204484
Rosenbrock,249,16042.083237204484
Rosenbrock,250,16042.083237204484
Rosenbrock,251,16042.083237204484
Rosenbrock,252,16042.083237204484
Rosenbrock,253,16042.083237204484
Rosenbrock,254,16042.083237204484
Rosenbrock,255,16042.083237204484
Rosenbrock,256,16042.083237204484
Rosenbrock,257,16042.083237204484
Rosenbrock,258,16042.083237204484
Rosenbrock,259,16042.083237204484
Rosenbrock,260,16042.083237204484
Rosenbrock,261,16042.083237204484
Rosenbrock,262,16042.083237204484
Rosenbrock,263,16042.083237204484
Rosenbrock,264,16042.083237204484
Rosenbrock,265,16042.083237204484
Rosenbrock,266,16042.083237204484
Rosenbrock,267,16042.083237204484
Rosenbrock,268,16042.083237204484
Rosenbrock,269,16042.083237204484
Rosenbrock,270,16042.083237204484
Rosenbrock,271,9960.923647080785
Rosenbrock,272,9960.923647080785
Rosenbrock,273,9960.923647080785
Rosenbrock,274,9960.923647080785
Rosenbrock,275,9960.923647080785
Rosenbrock,276,9960.923647080785
Rosenbrock,277,9960.923647080785
Rosenbrock,278,4894.719471290522
Rosenbrock,279,4894.719471290522
Rosenbrock,280,4894.719471290522
Rosenbrock,281,4894.719471290522
Rosenbrock,282,3330.4108649502723
Rosenbrock,283,3330.4108649502723
Rosenbrock,284,3330.4108649502723
Rosenbrock,285,752.0115382776692
Rosenbrock,286,752.0115382776692
Rosenbrock,287,752.0115382776692
Rosenbrock,288,752.0115382776692
Rosenbrock,289,752.0115382776692
Rosenbrock,290,752.0115382776692
Rosenbrock,291,752.0115382776692
Rosenbrock,292,752.0115382776692
Rosenbrock,293,626.7389354361327
Rosenbrock,294,626.7389354361327
Rosenbrock,295,418.31558547684153
Rosenbrock,296,248.22470956452008
Rosenbrock,297,248.22470956452008
Rosenbrock,298,236.68319254387083
Rosenbrock,299,142.31659792394328
Rosenbrock,300,142.31659792394328
Ackley,1,19.03608174346814
Ackley,2,19.03608174346814
Ackley,3,19.03608174346814
Ackley,4,19.03608174346814
Ackley,5,19.03608174346814
Ackley,6,19.03608174346814
Ackley,7,19.03608174346814
Ackley,8,19.03608174346814
Ackley,9,19.03608174346814
Ackley,10,19.03608174346814
Ackley,11,19.03608174346814
Ackley,12,19.03608174346814
Ackley,13,19.03608174346814
Ackley,14,19.03608174346814
Ackley,15,19.03608174346814
Ackley,16,19.03608174346814
Ackley,17,19.009593354680415
Ackley,18,19.009593354680415
Ackley,19,19.009593354680415
Ackley,20,19.009593354680415
Ackley,21,17.90995086925843
Ackley,22,17.90995086925843
Ackley,23,17.90995086925843
Ackley,24,17.90995086925843
Ackley,25,17.90995086925843
Ackley,26,17.90995086925843
Ackley,27,17.90995086925843
Ackley,28,17.90995086925843
Ackley,29,17.90995086925843
Ackley,30,17.90995086925843
Ackley,31,17.90995086925843
Ackley,32,17.90995086925843
Ackley,33,17.90995086925843
Ackley,34,17.90995086925843
Ackley,35,17.90995086925843
Ackley,36,17.90995086925843
Ackley,37,17.90995086925843
Ackley,38,17.90995086925843
Ackley,39,17.90995086925843
Ackley,40,17.90995086925843
Ackley,41,17.90995086925843
Ackley,42,17.90995086925843
Ackley,43,17.90995086925843
Ackley,44,17.90995086925843
Ackley,45,17.90995086925843
Ackley,46,17.90995086925843
Ackley,47,17.90995086925843
Ackley,48,17.90995086925843
Ackley,49,17.90995086925843
Ackley,50,17.90995086925843
Ackley,51,17.90995086925843
Ackley,52,17.90995086925843
Ackley,53,17.90995086925843
Ackley,54,17.90995086925843
Ackley,55,17.90995086925843
Ackley,56,17.90995086925843
Ackley,57,17.90995086925843
Ackley,58,17.90995086925843
Ackley,59,17.90995086925843
Ackley,60,17.90995086925843
Ackley,61,17.90995086925843
Ackley,62,17.90995086925843
Ackley,63,17.90995086925843
Ackley,64,17.90995086925843
Ackley,65,17.90995086925843
Ackley,66,17.90995086925843
Ackley,67,17.90995086925843
Ackley,68,17.90995086925843
Ackley,69,17.90995086925843
Ackley,70,17.90995086925843
Ackley,71,17.90995086925843
Ackley,72,17.90995086925843
Ackley,73,17.90995086925843
Ackley,74,17.90995086925843
Ackley,75,17.90995086925843
Ackley,76,17.437085516392774
Ackley,77,17.437085516392774
Ackley,78,17.437085516392774
Ackley,79,17.437085516392774
Ackley,80,17.076824380096657
Ackley,81,17.076824380096657
Ackley,82,17.076824380096657
Ackley,83,17.076824380096657
Ackley,84,17.076824380096657
Ackley,85,17.076824380096657
Ackley,86,17.076824380096657
Ackley,87,17.076824380096657
Ackley,88,17.076824380096657
Ackley,89,17.076824380096657
Ackley,90,17.076824380096657
Ackley,91,17.076824380096657
Ackley,92,17.076824380096657
Ackley,93,17.076824380096657
Ackley,94,17.076824380096657
Ackley,95,17.076824380096657
Ackley,96,17.076824380096657
Ackley,97,17.076824380096657
Ackley,98,17.076824380096657
Ackley,99,17.076824380096657
Ackley,100,17.076824380096657
Ackley,101,13.475926168143987
Ackley,102,13.475926168143987
Ackley,103,13.475926168143987
Ackley,104,13.475926168143987
Ackley,105,13.475926168143987
Ackley,106,13.475926168143987
Ackley,107,13.475926168143987
Ackley,108,13.475926168143987
Ackley,109,13.475926168143987
Ackley,110,13.475926168143987
Ackley,111,13.475926168143987
Ackley,112,13.475926168143987
Ackley,113,13.475926168143987
Ackley,114,13.475926168143987
Ackley,115,13.475926168143987
Ackley,116,13.475926168143987
Ackley,117,13.475926168143987
Ackley,118,13.475926168143987
Ackley,119,13.475926168143987
Ackley,120,13.475926168143987
Ackley,121,13.475926168143987
Ackley,122,13.475926168143987
Ackley,123,13.475926168143987
Ackley,124,13.475926168143987
Ackley,125,13.475926168143987
Ackley,126,13.475926168143987
Ackley,127,13.475926168143987
Ackley,128,13.475926168143987
Ackley,129,13.475926168143987
Ackley,130,13.475926168143987
Ackley,131,13.475926168143987
Ackley,132,13.475926168143987
Ackley,133,13.475926168143987
Ackley,134,13.475926168143987
Ackley,135,13.475926168143987
Ackley,136,13.475926168143987
Ackley,137,13.475926168143987
Ackley,138,13.475926168143987
Ackley,139,13.475926168143987
Ackley,140,13.475926168143987
Ackley,141,13.475926168143987
Ackley,142,13.475926168143987
Ackley,143,13.475926168143987
Ackley,144,13.475926168143987
Ackley,145,13.475926168143987
Ackley,146,13.475926168143987
Ackley,147,13.475926168143987
Ackley,148,13.475926168143987
Ackley,149,13.475926168143987
Ackley,150,13.475926168143987
Ackley,151,13.475926168143987
Ackley,152,13.475926168143987
Ackley,153,13.475926168143987
Ackley,154,13.475926168143987
Ackley,155,13.475926168143987
Ackley,156,13.475926168143987
Ackley,157,13.475926168143987
Ackley,158,13.475926168143987
Ackley,159,13.475926168143987
Ackley,160,13.475926168143987
Ackley,161,13.475926168143987
Ackley,162,13.475926168143987
Ackley,163,13.475926168143987
Ackley,164,13.475926168143987
Ackley,165,13.475926168143987
Ackley,166,13.475926168143987
Ackley,167,13.475926168143987
Ackley,168,13.475926168143987
Ackley,169,13.475926168143987
Ackley,170,13.475926168143987
Ackley,171,13.475926168143987
Ackley,172,13.475926168143987
Ackley,173,13.475926168143987
Ackley,174,13.475926168143987
Ackley,175,13.475926168143987
Ackley,176,13.475926168143987
Ackley,177,13.475926168143987
Ackley,178,13.475926168143987
Ackley,179,13.475926168143987
Ackley,180,13.475926168143987
Ackley,181,13.475926168143987
Ackley,182,13.475926168143987
Ackley,183,13.475926168143987
Ackley,184,13.475926168143987
Ackley,185,12.609785198761339
Ackley,186,12.609785198761339
Ackley,187,12.609785198761339
Ackley,188,12.609785198761339
Ackley,189,12.609785198761339
Ackley,190,12.609785198761339
Ackley,191,12.609785198761339
Ackley,192,12.609785198761339
Ackley,193,12.609785198761339
Ackley,194,12.609785198761339
Ackley,195,12.609785198761339
Ackley,196,12.609785198761339
Ackley,197,12.609785198761339
Ackley,198,11.630919010843193
Ackley,199,11.630919010843193
Ackley,200,11.630919010843193
Ackley,201,11.630919010843193
Ackley,202,11.630919010843193
Ackley,203,11.630919010843193
Ackley,204,11.630919010843193
Ackley,205,11.630919010843193
Ackley,206,11.630919010843193
Ackley,207,11.630919010843193
Ackley,208,11.630919010843193
Ackley,209,11.630919010843193
Ackley,210,11.630919010843193
Ackley,211,11.630919010843193
Ackley,212,11.630919010843193
Ackley,213,11.630919010843193
Ackley,214,11.630919010843193
Ackley,215,11.630919010843193
Ackley,216,11.630919010843193
Ackley,217,11.630919010843193
Ackley,218,11.630919010843193
Ackley,219,11.630919010843193
Ackley,220,11.630919010843193
Ackley,221,11.630919010843193
Ackley,222,11.630919010843193
Ackley,223,11.630919010843193
Ackley,224,11.630919010843193
Ackley,225,11.630919010843193
Ackley,226,11.630919010843193
Ackley,227,11.630919010843193
Ackley,228,11.630919010843193
Ackley,229,11.630919010843193
Ackley,230,11.630919010843193
Ackley,231,10.724525326516304
Ackley,232,10.724525326516304
Ackley,233,10.724525326516304
Ackley,234,10.724525326516304
Ackley,235,10.724525326516304
Ackley,236,10.724525326516304
Ackley,237,10.724525326516304
Ackley,238,10.724525326516304
Ackley,239,10.724525326516304
Ackley,240,10.724525326516304
Ackley,241,10.724525326516304
Ackley,242,10.724525326516304
Ackley,243,10.305633244243907
Ackley,244,10.305633244243907
Ackley,245,9.46568231758086
Ackley,246,9.46568231758086
Ackley,247,9.46568231758086
Ackley,248,9.46568231758086
Ackley,249,9.46568231758086
Ackley,250,9.46568231758086
Ackley,251,9.46568231758086
Ackley,252,9.46568231758086
Ackley,253,9.46568231758086
Ackley,254,9.46568231758086
Ackley,255,9.46568231758086
Ackley,256,9.46568231758086
Ackley,257,9.46568231758086
Ackley,258,9.378676354952955
Ackley,259,9.378676354952955
Ackley,260,9.023261418586303
Ackley,261,8.529799795088378
Ackley,262,8.529799795088378
Ackley,263,7.968502635292792
Ackley,264,7.968502635292792
Ackley,265,7.968502635292792
Ackley,266,7.968502635292792
Ackley,267,7.968502635292792
Ackley,268,6.811580714807263
Ackley,269,6.811580714807263
Ackley,270,6.811580714807263
Ackley,271,6.811580714807263
Ackley,272,6.811580714807263
Ackley,273,6.811580714807263
Ackley,274,6.811580714807263
Ackley,275,6.811580714807263
Ackley,276,6.811580714807263
Ackley,277,6.811580714807263
Ackley,278,6.811580714807263
Ackley,279,6.811580714807263
Ackley,280,6.811580714807263
Ackley,281,6.811580714807263
Ackley,282,6.725001077196975
Ackley,283,6.725001077196975
Ackley,284,6.725001077196975
Ackley,285,6.21447129292164
Ackley,286,5.231705118217214
Ackley,287,5.231705118217214
Ackley,288,5.231705118217214
Ackley,289,5.231705118217214
Ackley,290,5.231705118217214
Ackley,291,5.093832397788791
Ackley,292,4.887243915722426
Ackley,293,4.57575591487733
Ackley,294,4.49747276899965
Ackley,295,4.3879693497456955
Ackley,296,3.8468533721354388
Ackley,297,3.6426296088299677
Ackley,298,3.0228187208883424
Ackley,299,3.0138545427805075
Ackley,300,3.0138545427805075
Griewank,1,142.3964294808644
Griewank,2,142.3964294808644
Griewank,3,142.3964294808644
Griewank,4,142.3964294808644
Griewank,5,142.3964294808644
Griewank,6,117.59950296159873
Griewank,7,117.59950296159873
Griewank,8,117.59950296159873
Griewank,9,117.59950296159873
Griewank,10,117.59950296159873
Griewank,11,117.59950296159873
Griewank,12,117.59950296159873
Griewank,13,104.9687510500428
Griewank,14,104.9687510500428
Griewank,15,104.9687510500428
Griewank,16,104.9687510500428
Griewank,17,104.9687510500428
Griewank,18,104.9687510500428
Griewank,19,83.69607285135442
Griewank,20,83.69607285135442
Griewank,21,83.69607285135442
Griewank,22,83.69607285135442
Griewank,23,83.69607285135442
Griewank,24,83.69607285135442
Griewank,25,83.69607285135442
Griewank,26,83.69607285135442
Griewank,27,83.69607285135442
Griewank,28,83.69607285135442
Griewank,29,83.69607285135442
Griewank,30,83.69607285135442
Griewank,31,83.69607285135442
Griewank,32,83.69607285135442
Griewank,33,83.69607285135442
Griewank,34,83.69607285135442
Griewank,35,83.69607285135442
Griewank,36,83.69607285135442
Griewank,37,83.69607285135442
Griewank,38,83.69607285135442
Griewank,39,83.69607285135442
Griewank,40,83.69607285135442
Griewank,41,83.69607285135442
Griewank,42,83.69607285135442
Griewank,43,83.69607285135442
Griewank,44,83.69607285135442
Griewank,45,83.69607285135442
Griewank,46,83.69607285135442
Griewank,47,83.69607285135442
Griewank,48,83.69607285135442
Griewank,49,83.69607285135442
Griewank,50,83.69607285135442
Griewank,51,76.7458685246976
Griewank,52,76.7458685246976
Griewank,53,76.7458685246976
Griewank,54,76.7458685246976
Griewank,55,76.7458685246976
Griewank,56,76.7458685246976
Griewank,57,76.7458685246976
Griewank,58,76.7458685246976
Griewank,59,76.7458685246976
Griewank,60,76.7458685246976
Griewank,61,76.7458685246976
Griewank,62,76.7458685246976
Griewank,63,76.7458685246976
Griewank,64,76.7458685246976
Griewank,65,76.7458685246976
Griewank,66,21.444102075450374
Griewank,67,21.444102075450374
Griewank,68,21.444102075450374
Griewank,69,21.444102075450374
Griewank,70,21.444102075450374
Griewank,71,21.444102075450374
Griewank,72,21.444102075450374
Griewank,73,21.444102075450374
Griewank,74,21.444102075450374
Griewank,75,21.444102075450374
Griewank,76,21.444102075450374
Griewank,77,21.444102075450374
Griewank,78,21.444102075450374
Griewank,79,21.444102075450374
Griewank,80,21.444102075450374
Griewank,81,21.444102075450374
Griewank,82,21.444102075450374
Griewank,83,21.444102075450374
Griewank,84,21.444102075450374
Griewank,85,21.444102075450374
Griewank,86,21.444102075450374
Griewank,87,21.444102075450374
Griewank,88,21.444102075450374
Griewank,89,21.444102075450374
Griewank,90,21.444102075450374
Griewank,91,21.444102075450374
Griewank,92,21.444102075450374
Griewank,93,21.444102075450374
Griewank,94,21.444102075450374
Griewank,95,21.444102075450374
Griewank,96,21.444102075450374
Griewank,97,21.444102075450374
Griewank,98,21.444102075450374
Griewank,99,21.444102075450374
Griewank,100,21.444102075450374
Griewank,101,21.444102075450374
Griewank,102,21.444102075450374
Griewank,103,21.444102075450374
Griewank,104,21.444102075450374
Griewank,105,21.444102075450374
Griewank,106,21.444102075450374
Griewank,107,21.444102075450374
Griewank,108,21.444102075450374
Griewank,109,21.444102075450374
Griewank,110,21.444102075450374
Griewank,111,21.444102075450374
Griewank,112,21.444102075450374
Griewank,113,21.444102075450374
Griewank,114,21.444102075450374
Griewank,115,21.444102075450374
Griewank,116,21.444102075450374
Griewank,117,21.444102075450374
Griewank,118,21.444102075450374
Griewank,119,21.444102075450374
Griewank,120,21.444102075450374
Griewank,121,21.444102075450374
Griewank,122,21.444102075450374
Griewank,123,21.444102075450374
Griewank,124,21.444102075450374
Griewank,125,21.444102075450374
Griewank,126,21.444102075450374
Griewank,127,21.444102075450374
Griewank,128,21.444102075450374
Griewank,129,21.444102075450374
Griewank,130,21.444102075450374
Griewank,131,21.444102075450374
Griewank,132,21.444102075450374
Griewank,133,21.444102075450374
Griewank,134,21.444102075450374
Griewank,135,21.444102075450374
Griewank,136,21.444102075450374
Griewank,137,21.444102075450374
Griewank,138,21.444102075450374
Griewank,139,21.444102075450374
Griewank,140,21.444102075450374
Griewank,141,21.444102075450374
Griewank,142,21.444102075450374
Griewank,143,21.444102075450374
Griewank,144,21.444102075450374
Griewank,145,21.444102075450374
Griewank,146,21.444102075450374
Griewank,147,21.444102075450374
Griewank,148,21.444102075450374
Griewank,149,21.444102075450374
Griewank,150,21.444102075450374
Griewank,151,21.444102075450374
Griewank,152,21.444102075450374
Griewank,153,21.444102075450374
Griewank,154,21.444102075450374
Griewank,155,21.444102075450374
Griewank,156,21.444102075450374
Griewank,157,21.444102075450374
Griewank,158,21.444102075450374
Griewank,159,21.444102075450374
Griewank,160,21.444102075450374
Griewank,161,21.444102075450374
Griewank,162,21.444102075450374
Griewank,163,21.444102075450374
Griewank,164,21.444102075450374
Griewank,165,21.444102075450374
Griewank,166,21.444102075450374
Griewank,167,21.444102075450374
Griewank,168,21.444102075450374
Griewank,169,21.444102075450374
Griewank,170,21.444102075450374
Griewank,171,21.444102075450374
Griewank,172,21.444102075450374
Griewank,173,21.444102075450374
Griewank,174,21.444102075450374
Griewank,175,21.444102075450374
Griewank,176,21.444102075450374
Griewank,177,21.444102075450374
Griewank,178,21.444102075450374
Griewank,179,21.444102075450374
Griewank,180,21.444102075450374
Griewank,181,21.444102075450374
Griewank,182,21.444102075450374
Griewank,183,21.444102075450374
Griewank,184,21.444102075450374
Griewank,185,21.444102075450374
Griewank,186,21.444102075450374
Griewank,187,21.444102075450374
Griewank,188,18.478257665635375
Griewank,189,18.478257665635375
Griewank,190,18.478257665635375
Griewank,191,18.478257665635375
Griewank,192,18.478257665635375
Griewank,193,18.478257665635375
Griewank,194,18.478257665635375
Griewank,195,18.478257665635375
Griewank,196,18.478257665635375
Griewank,197,18.478257665635375
Griewank,198,14.77309446313255
Griewank,199,14.77309446313255
Griewank,200,14.77309446313255
Griewank,201,14.77309446313255
Griewank,202,14.77309446313255
Griewank,203,14.77309446313255
Griewank,204,14.77309446313255
Griewank,205,14.77309446313255
Griewank,206,14.77309446313255
Griewank,207,14.77309446313255
Griewank,208,14.77309446313255
Griewank,209,8.754565991189102
Griewank,210,8.754565991189102
Griewank,211,8.754565991189102
Griewank,212,8.754565991189102
Griewank,213,8.754565991189102
Griewank,214,8.754565991189102
Griewank,215,8.754565991189102
Griewank,216,8.754565991189102
Griewank,217,8.754565991189102
Griewank,218,8.754565991189102
Griewank,219,8.754565991189102
Griewank,220,8.754565991189102
Griewank,221,8.754565991189102
Griewank,222,8.754565991189102
Griewank,223,8.754565991189102
Griewank,224,8.754565991189102
Griewank,225,8.754565991189102
Griewank,226,8.754565991189102
Griewank,227,8.754565991189102
Griewank,228,8.754565991189102
Griewank,229,8.754565991189102
Griewank,230,8.754565991189102
Griewank,231,8.754565991189102
Griewank,232,8.754565991189102
Griewank,233,8.754565991189102
Griewank,234,7.875693120732627
Griewank,235,7.875693120732627
Griewank,236,7.875693120732627
Griewank,237,7.875693120732627
Griewank,238,7.875693120732627
Griewank,239,7.875693120732627
Griewank,240,7.875693120732627
Griewank,241,6.672522662987256
Griewank,242,5.8430174210458
Griewank,243,5.8430174210458
Griewank,244,5.8430174210458
Griewank,245,5.8430174210458
Griewank,246,5.8430174210458
Griewank,247,5.8430174210458
Griewank,248,5.8430174210458
Griewank,249,5.8430174210458
Griewank,250,5.525805841057672
Griewank,251,5.525805841057672
Griewank,252,5.525805841057672
Griewank,253,5.525805841057672
Griewank,254,5.525805841057672
Griewank,255,4.275578032805246
Griewank,256,4.275578032805246
Griewank,257,4.275578032805246
Griewank,258,4.275578032805246
Griewank,259,4.275578032805246
Griewank,260,4.275578032805246
Griewank,261,4.275578032805246
Griewank,262,4.275578032805246
Griewank,263,4.275578032805246
Griewank,264,4.275578032805246
Griewank,265,4.275578032805246
Griewank,266,4.275578032805246
Griewank,267,4.275578032805246
Griewank,268,4.275578032805246
Griewank,269,4.230974060716545
Griewank,270,4.230974060716545
Griewank,271,3.717733176922087
Griewank,272,3.717733176922087
Griewank,273,3.717733176922087
Griewank,274,3.472992081301599
Griewank,275,3.472992081301599
Griewank,276,3.472992081301599
Griewank,277,3.472992081301599
Griewank,278,3.2830531001051733
Griewank,279,2.6979230523782385
Griewank,280,2.6979230523782385
Griewank,281,2.6979230523782385
Griewank,282,2.3164010780372775
Griewank,283,2.3164010780372775
Griewank,284,2.3164010780372775
Griewank,285,2.3164010780372775
Griewank,286,1.9348505489964756
Griewank,287,1.9348505489964756
Griewank,288,1.9348505489964756
Griewank,289,1.9348505489964756
Griewank,290,1.5718566251634072
Griewank,291,1.5718566251634072
Griewank,292,1.5718566251634072
Griewank,293,1.5718566251634072
Griewank,294,1.2563530699845615
Griewank,295,1.2563530699845615
Griewank,296,1.2563530699845615
Griewank,297,1.2563530699845615
Griewank,298,1.2563530699845615
Griewank,299,1.191089013115149
Griewank,300,1.063193680776149
